{"734435663713140836":{"title":"👋 Seja bem-vindo(a)! ","text":" Seja muito bem-vindo(a) ao nosso servidor! Leia as <#735148252910846132> antes de qualquer coisa! ","gif_link":" https://media.giphy.com/media/xT0BKpqAaJczduXXJ6/giphy.gif ","channel_name":" ✅entrada-saida❌"},"406781719648403456":{"title":"Seja bem-vindo(a)! ","text":" Seja muito bem-vindo ao nosso servidor! Leia a #member-log ","gif_link":" https://images-ext-1.discordapp.net/external/_V2AAOx6DNj96lDLyflcumacxKD2LUoz8Ri6_DPhtSg/https/media.giphy.com/media/RPwrO4b46mOdy/giphy.gif"},"704882848364101763":{"title":"Bem-vindo(a)!","text":"Seja muito bem-vindo ao nosso servidor!","gif_link":"https://media.giphy.com/media/RPwrO4b46mOdy/giphy.gif","channel_name":"✅entrada-saída❌"}}